[
	{
		"id": 1,
		"priority": 1,
		"action": {
			"type": "block"
		},
		"condition": {
			"urlFilter": "*youtube.com/*",
			"resourceTypes": [
				"script",
				"xmlhttprequest",
				"media"
			]
		}
	},
	{
		"id": 2,
		"priority": 1,
		"action": {
			"type": "block"
		},
		"condition": {
			"urlFilter": "*youtu.be/*",
			"resourceTypes": [
				"script",
				"xmlhttprequest",
				"media"
			]
		}
	},
	{
		"id": 3,
		"priority": 1,
		"action": {
			"type": "block"
		},
		"condition": {
			"urlFilter": "*youtube-nocookie.com/*",
			"resourceTypes": [
				"script",
				"xmlhttprequest",
				"media"
			]
		}
	}
]